{
  "global_step": 1,
  "tokens_processed": 1131,
  "total_loss": 10.82489132902245,
  "avg_loss": 10.82489132902245,
  "config": {
    "vocab_size": 50257,
    "embedding_dim": 256,
    "max_seq_length": 512
  }
}